1	mui@pom.edu	mui	Mui	Tanprasert	encryptedpw	1	1	7	1	1	1	1	1	1	0	0	1
2	ekeilty1@livejournal.com	ekeilty1	Emanuel	Keilty	EB8zzdfj89	0	1	4	0	0	0	2	1	1	0	0	2
3	jhulland2@bloomberg.com	jhulland2	Jonathan	Hulland	9JZjmzfbKG	0	1	3	1	0	0	3	1	1	0	0	3
4	abunstone3@wikipedia.org	abunstone3	Aldus	Bunstone	VIHn6jUsHC	0	1	1	0	0	1	4	1	1	0	0	4
5	eaxby4@disqus.com	eaxby4	Elsie	Axby	3UHy4Vw2lf	0	1	5	1	0	0	5	1	1	0	0	5
6	fmcloughlin5@hibu.com	fmcloughlin5	Franzen	McLoughlin	bsAvBRlIwU	0	1	6	0	0	0	1	1	1	0	0	6
7	emalser6@fda.gov	emalser6	Eleen	Malser	k2eWYvXs2W	0	1	1	1	0	1	2	1	1	0	0	7
8	smanuel7@blogspot.com	smanuel7	Suki	Manuel	QAFmAQKgCg	0	1	1	0	0	0	3	1	1	0	0	8
9	srimbault8@wp.com	srimbault8	Sheree	Rimbault	fDJ8jjF8fl	0	1	2	1	0	0	4	1	1	0	0	9
10	scordon9@blogspot.com	scordon9	Stanly	Cordon	wdWN22GoOS	0	1	1	0	1	1	5	1	1	0	0	10
11	kbromptona@psu.edu	kbromptona	Kyle	Brompton	okC9tKybkb	0	1	4	1	0	0	1	1	1	0	0	11
12	mcootb@mozilla.com	mcootb	Marvin	Coot	Bhqw1lSbnh	0	1	6	0	0	0	2	1	1	0	0	12
13	djuhrukec@bluehost.com	djuhrukec	Durant	Juhruke	dIdDN09eBR	0	1	2	1	0	1	3	1	1	0	0	13
14	rnormadelld@instagram.com	rnormadelld	Rex	Normadell	g3rdoozqzT	0	1	2	0	0	0	4	1	1	0	0	14
15	skeggine@sakura.ne.jp	skeggine	Suzanne	Keggin	kv1gtRGyaL	0	1	1	1	0	0	5	1	1	0	0	15
16	nhowlettf@newyorker.com	nhowlettf	Nata	Howlett	70xjIl4BPa	0	1	7	0	0	1	1	1	1	0	0	16
17	mparmeterg@europa.eu	mparmeterg	Madeline	Parmeter	kGsiCMtViP	0	1	7	1	0	0	2	1	1	0	0	17
18	jlesmondeh@hp.com	jlesmondeh	Jacky	Lesmonde	6zmBoS2gMz	0	1	5	0	0	0	3	1	1	0	0	18
19	pdelhantyi@jimdo.com	pdelhantyi	Piper	Delhanty	UYJuPn6mIo	0	1	3	1	1	1	4	1	1	0	0	19
20	llangtonj@deviantart.com	llangtonj	Leelah	Langton	TYJ2SeIlSi	0	1	2	0	0	0	5	1	1	0	0	20
21	molphertk@usnews.com	molphertk	Merissa	Olphert	SSuH2yrwvY	0	1	7	1	0	0	1	1	1	0	0	21
22	ljanssonl@nature.com	ljanssonl	Lucius	Jansson	nyYFGQnGic	0	1	1	0	0	1	2	1	1	0	0	22
23	sbiasionim@princeton.edu	sbiasionim	Slade	Biasioni	YL0jb5hZ9l	0	1	7	1	0	0	3	1	1	0	0	23
24	mkohlern@digg.com	mkohlern	Meaghan	Kohler	nIonA2Quk4	0	1	3	0	0	0	4	1	1	0	0	24
25	cpeelo@csmonitor.com	cpeelo	Chastity	Peel	EVYMaJ4KEO	0	1	4	1	0	1	5	1	1	0	0	25
26	qfauldsp@engadget.com	qfauldsp	Quintin	Faulds	uRQDPcT851	0	1	5	0	0	0	1	1	1	0	1	26
27	rboyleq@umn.edu	rboyleq	Riane	Boyle	UePOhF6Zhp	0	1	1	1	0	0	2	1	1	0	1	27
28	tbyr@hugedomains.com	tbyr	Tully	By	JGsQXVCtjY	0	1	2	0	1	1	3	1	1	0	1	28
29	ebretlands@va.gov	ebretlands	Eleni	Bretland	wR1p8uLvzd	0	1	7	1	0	0	4	1	1	0	1	29
30	scoolet@marketwatch.com	scoolet	Shannan	Coole	QwBUxBGVZ5	0	1	3	0	0	0	5	1	1	0	1	30
31	sgaffonu@washingtonpost.com	sgaffonu	Shena	Gaffon	BuM8RPvxzG	0	1	2	1	0	1	1	1	1	0	1	31
32	strowlv@godaddy.com	strowlv	Sayres	Trowl	Mr9Nr6gzYO	0	1	6	0	0	0	2	1	1	1	1	32
33	dlovejoyw@wikispaces.com	dlovejoyw	Dionne	Lovejoy	HoPDXmaTOY	0	1	3	1	0	0	3	1	1	1	1	33
34	salesox@rambler.ru	salesox	Susy	Aleso	qGAqSj95FM	0	1	2	0	0	1	4	1	1	1	1	34
35	akingmany@usgs.gov	akingmany	Agnella	Kingman	orNO2qFqXp	0	1	1	1	0	0	5	1	1	1	1	35
36	mwharfez@apple.com	mwharfez	Morgan	Wharfe	uryBfKvT2a	0	1	7	0	0	0	1	1	1	1	1	36
37	rgraalmans10@clickbank.net	rgraalmans10	Ruby	Graalmans	PgTC7ogHoy	0	1	6	1	1	1	2	1	1	1	1	37
38	keccleshare11@meetup.com	keccleshare11	Keely	Eccleshare	mSeOcU3898	0	1	1	0	0	0	3	1	1	1	1	38
39	rhudghton12@samsung.com	rhudghton12	Reba	Hudghton	yCZ42Vdpm4	0	1	7	1	0	0	4	1	1	1	1	39
40	mshowers13@umn.edu	mshowers13	Marj	Showers	tSo0FQvMYW	0	1	3	0	0	1	5	1	1	1	1	40
41	traulstone14@google.com.hk	traulstone14	Toby	Raulstone	o0ESR4vizL	0	1	4	1	0	0	1	1	1	1	1	41
42	claurens15@hibu.com	claurens15	Cornie	Laurens	Z3A3ZwO1KF	0	1	5	0	0	0	2	1	1	1	1	42
43	iblanque16@latimes.com	iblanque16	Ingelbert	Blanque	WKbUb278Wt	0	1	1	1	0	1	3	1	1	1	1	43
44	rsaundercock17@purevolume.com	rsaundercock17	Rheta	Saundercock	P3ksQAfSg1	0	1	3	0	0	0	4	1	1	1	1	44
45	dbrownell18@cbc.ca	dbrownell18	Debora	Brownell	BqC2Ii7bpj	0	1	1	1	0	0	5	1	1	1	1	45
46	jbathoe19@exblog.jp	jbathoe19	Judy	Bathoe	9WjqjPhNpS	0	1	3	0	1	1	1	1	1	1	1	46
47	vdanher1a@sciencedaily.com	vdanher1a	Verene	Danher	PrcGkXHY91	0	1	4	1	0	0	2	1	1	1	1	47
48	amonksfield1b@constantcontact.com	amonksfield1b	Ashely	Monksfield	WQddvzSlHF	0	1	3	0	0	0	3	1	1	1	1	48
49	sbrownscombe1c@dedecms.com	sbrownscombe1c	Sig	Brownscombe	r8dOUtiplW	0	1	4	1	0	1	4	1	1	1	1	49
50	rdenecamp1d@ameblo.jp	rdenecamp1d	Randolph	Denecamp	KigNYpRG6S	0	1	2	0	0	0	5	1	1	1	1	50
51	orobbey1e@yandex.ru	orobbey1e	Osbourne	Robbey	u5GXpXwqr3	0	1	7	1	0	0	1	1	1	1	1	51
52	rlyes1f@adobe.com	rlyes1f	Rica	Lyes	0X05iEwQvg	0	1	4	0	0	1	2	1	1	1	1	52
53	cmardell1g@is.gd	cmardell1g	Colas	Mardell	XvKZLbynSP	0	1	6	1	0	0	3	1	1	1	1	53
54	mroncelli1h@yandex.ru	mroncelli1h	Marguerite	Roncelli	LedJkjZ7cY	0	1	1	0	0	0	4	1	1	1	1	54
55	msloley1i@squarespace.com	msloley1i	Marji	Sloley	nbdapP6cCD	0	1	6	1	1	1	5	1	1	1	1	55
56	wcrommett1j@google.com	wcrommett1j	West	Crommett	PYi0XOm2hN	0	1	4	0	0	0	1	1	1	1	1	56
57	jdockree1k@forbes.com	jdockree1k	Johann	Dockree	88z6PDRFqb	0	1	5	1	0	0	2	1	1	1	1	57
58	rshepherdson1l@gizmodo.com	rshepherdson1l	Reta	Shepherdson	mA9xg2TP2U	0	1	5	0	0	1	3	1	1	1	1	58
59	sledington1m@epa.gov	sledington1m	Sherm	Ledington	GXHIlrVcfp	0	1	1	1	0	0	4	1	1	1	1	59
60	lsargerson1n@hao123.com	lsargerson1n	Leoine	Sargerson	VeHaYYKFgD	0	1	7	0	0	0	5	1	1	1	1	60
61	jbaccas1o@tinyurl.com	jbaccas1o	Jess	Baccas	D6G3r1Ss4k	0	1	4	1	0	1	1	1	1	1	1	61
62	mandreasson1p@weather.com	mandreasson1p	Milka	Andreasson	ixoUoTZO1D	0	1	2	0	0	0	2	1	1	1	1	62
63	mminico1q@alexa.com	mminico1q	Meredith	Minico	UOF2R6mebs	0	1	5	1	0	0	3	1	1	1	1	63
64	ryeldon1r@delicious.com	ryeldon1r	Robinson	Yeldon	B75IPKlR7j	0	1	1	0	1	1	4	1	1	1	1	64
65	sbenet1s@sun.com	sbenet1s	Shaw	Benet	gWuXhcUrxZ	0	1	2	1	0	0	5	1	1	1	2	65
66	fhicks1t@histats.com	fhicks1t	Fara	Hicks	CAuut34R9s	0	1	7	0	0	0	1	1	1	1	2	66
67	hmaureen1u@huffingtonpost.com	hmaureen1u	Heidie	Maureen	cKPOElA3WI	0	1	4	1	0	1	2	1	1	1	2	67
68	mdonoher1v@istockphoto.com	mdonoher1v	Miguel	Donoher	lzhpAWN5cI	0	1	3	0	0	0	3	1	1	1	2	68
69	ghalgarth1w@list-manage.com	ghalgarth1w	Gertrude	Halgarth	f7Smknudyr	0	1	1	1	0	0	4	1	1	1	2	69
70	imorshead1x@tinyurl.com	imorshead1x	Isidro	Morshead	oUvg1SbDcU	0	1	6	0	0	1	5	1	1	1	2	70
71	bheinzel1y@princeton.edu	bheinzel1y	Bronnie	Heinzel	EHG4tbl6NW	0	1	7	1	0	0	1	1	1	1	2	71
72	rgreen1z@amazon.de	rgreen1z	Rivy	Green	blrKFz4S9r	0	1	5	0	0	0	2	1	1	1	2	72
73	ibesset20@topsy.com	ibesset20	Ingaberg	Besset	ju5zUulzED	0	1	1	1	1	1	3	1	1	1	2	73
74	rfulleylove21@acquirethisname.com	rfulleylove21	Renado	Fulleylove	cgbsfEooUV	0	1	7	0	0	0	4	1	1	1	2	74
75	iletteresse22@seesaa.net	iletteresse22	Ivonne	Letteresse	QaGuAzEN0S	0	1	7	1	0	0	5	1	1	1	2	75
76	gcubitt23@mit.edu	gcubitt23	Gussy	Cubitt	lIbZH6NNWR	0	1	2	0	0	1	1	1	2	1	2	76
77	mtytherton24@last.fm	mtytherton24	Myles	Tytherton	0JrnvMZPlB	0	1	6	1	0	0	2	1	2	1	2	77
78	wlivingstone25@yandex.ru	wlivingstone25	Warde	Livingstone	spQL4KEHwv	0	1	1	0	0	0	3	1	2	1	2	78
79	ptoombes26@wp.com	ptoombes26	Phaidra	Toombes	My7G4UzTC9	0	1	1	1	0	1	4	1	2	1	2	79
80	smechic27@scientificamerican.com	smechic27	Stephan	Mechic	hR60t6GMyc	0	1	6	0	0	0	5	1	2	1	2	80
81	dboddis28@purevolume.com	dboddis28	Drucy	Boddis	lnCxAejOHl	0	1	4	1	0	0	1	1	2	1	2	81
82	obrowne29@buzzfeed.com	obrowne29	Oralia	Browne	lFKYyestHL	0	1	6	0	1	1	2	1	2	1	2	82
83	thandsheart2a@github.com	thandsheart2a	Trumaine	Handsheart	4dwXaMwy0u	0	1	7	1	0	0	3	1	2	1	2	83
84	smccaw2b@youtu.be	smccaw2b	Sharon	McCaw	sRwo2aXj1i	0	1	3	0	0	0	4	1	2	1	2	84
85	cgodney2c@samsung.com	cgodney2c	Caren	Godney	YdLuNwUAhr	0	1	6	1	0	1	5	1	2	1	2	85
86	crielly2d@netscape.com	crielly2d	Callean	Rielly	ieAfsXB1cV	0	1	6	0	0	0	1	1	2	1	2	86
87	achrismas2e@weibo.com	achrismas2e	Aubrie	Chrismas	SrFUgkk6Z9	0	1	2	1	0	0	2	1	2	1	2	87
88	jciobutaro2f@businessinsider.com	jciobutaro2f	Jeanelle	Ciobutaro	5Tz8LjKeFw	0	1	2	0	0	1	3	1	2	1	2	88
89	spinnington2g@moonfruit.com	spinnington2g	Shurwood	Pinnington	WRBNeW4adG	0	1	3	1	0	0	4	1	2	1	2	89
90	mmose2h@ebay.com	mmose2h	Marjorie	Mose	nrKiiZeOCv	0	1	6	0	0	0	5	1	2	1	2	90
91	rscown2i@comsenz.com	rscown2i	Robinson	Scown	MUieXbaVBx	0	1	7	1	1	1	1	1	2	1	2	91
92	fdearnly2j@wp.com	fdearnly2j	Filippo	Dearnly	t4eYIfIPys	0	1	2	0	0	0	2	1	2	1	2	92
93	mmillward2k@desdev.cn	mmillward2k	Melly	Millward	8WNuTDy09D	0	1	3	1	0	0	3	1	2	1	2	93
94	ghookes2l@nhs.uk	ghookes2l	Galina	Hookes	Byd2wsx5lG	0	1	1	0	0	1	4	1	2	1	2	94
95	lgillingham2m@skyrock.com	lgillingham2m	Lynna	Gillingham	iRYX3jWB6s	0	1	5	1	0	0	5	1	2	1	2	95
96	wholt2n@time.com	wholt2n	Warner	Holt	9VnRV49Q5u	0	1	6	0	0	0	1	1	2	1	2	96
97	vmcbeath2o@unicef.org	vmcbeath2o	Veronika	McBeath	58nkzBFoFM	0	1	7	1	0	1	2	1	2	1	2	97
98	gbewsy2p@smh.com.au	gbewsy2p	Ginevra	Bewsy	BZdYDybn3h	0	1	5	0	0	0	3	1	2	1	2	98
99	tskentelbery2q@google.com.br	tskentelbery2q	Tedmund	Skentelbery	0eQizz16lN	0	1	1	1	0	0	4	1	2	1	2	99
100	nrivlin2r@cnbc.com	nrivlin2r	Nevins	Rivlin	gvYfOOe8Ma	0	0	7	0	1	1	5	2	2	1	2	100
101	amunning2s@webeden.co.uk	amunning2s	Allix	Munning	dxdtxeZlNA	0	0	5	1	0	0	1	2	2	1	2	101
102	mjiri2t@tinypic.com	mjiri2t	Melvyn	Jiri	OUIAYE0OPV	0	0	1	0	0	0	2	2	2	1	2	102
103	jpamment2u@plala.or.jp	jpamment2u	Josee	Pamment	c2CmUM16MV	0	0	7	1	0	1	3	2	2	1	2	103
104	wskeldon2v@baidu.com	wskeldon2v	Wheeler	Skeldon	5cTfFQbkHL	0	0	7	0	0	0	4	2	2	1	2	104
105	jklass2w@lycos.com	jklass2w	Joanie	Klass	VPh0IoPjiB	0	0	1	1	0	0	5	2	2	1	2	105
106	hmeins2x@mayoclinic.com	hmeins2x	Howie	Meins	BP950OBMJC	0	0	4	0	0	1	1	2	2	1	2	106
107	nrobben2y@guardian.co.uk	nrobben2y	Nobie	Robben	dEMN6iMhgN	0	0	6	1	0	0	2	2	2	1	2	107
108	cstorres2z@1und1.de	cstorres2z	Constantia	Storres	uiZx09dQKb	0	0	5	0	0	0	3	2	2	1	2	108
109	alarrad30@smugmug.com	alarrad30	Alyson	Larrad	BYWy95kGyG	0	0	5	1	1	1	4	2	2	1	2	109
110	slindwasser31@tiny.cc	slindwasser31	Sonnie	Lindwasser	zKpayfS5cu	0	0	7	0	0	0	5	2	2	1	2	110
111	viredale32@histats.com	viredale32	Vite	Iredale	bHomYprQmf	0	0	1	1	0	0	1	2	2	1	2	111
112	nbastone33@spotify.com	nbastone33	Norton	Bastone	k7hBbJA9OV	0	0	1	0	0	1	2	2	2	1	2	112
113	keskrigg34@goo.ne.jp	keskrigg34	Keenan	Eskrigg	ncK9svId8J	0	0	4	1	0	0	3	2	2	1	2	113
114	ctosh35@upenn.edu	ctosh35	Cynthy	Tosh	0gWYzKmKlw	0	0	5	0	0	0	4	2	2	1	2	114
115	gmccurlye36@utexas.edu	gmccurlye36	Genia	McCurlye	eFaKasyXlG	0	0	2	1	0	1	5	2	2	1	2	115
116	rdudman37@about.com	rdudman37	Rafael	Dudman	Ynt31p62oV	0	0	2	0	0	0	1	2	2	1	2	116
117	mleborgne38@paginegialle.it	mleborgne38	Mano	Leborgne	vjp0g7Xl3S	0	0	7	1	0	0	2	2	2	1	2	117
118	jalejandri39@printfriendly.com	jalejandri39	Jillene	Alejandri	H9GPl6FjSp	0	0	6	0	1	1	3	2	2	1	2	118
119	fmackeller3a@go.com	fmackeller3a	Franklin	MacKeller	wUnP4hxD4t	0	0	1	1	0	0	4	2	2	1	2	119
120	rhague3b@exblog.jp	rhague3b	Rahal	Hague	HCy5aMl2BI	0	0	1	0	0	0	5	2	2	1	3	120
121	sgorgl3c@163.com	sgorgl3c	Stephani	Gorgl	mcgEvEYwFs	0	0	2	1	0	1	1	2	2	1	3	121
122	mcollomosse3d@multiply.com	mcollomosse3d	Murdock	Collomosse	ZruLzjnW4h	0	0	3	0	0	0	2	2	2	1	3	122
123	csummerley3e@flavors.me	csummerley3e	Chrotoem	Summerley	57NGRpxmGc	0	0	6	1	0	0	3	2	2	1	3	123
124	ncondon3f@pagesperso-orange.fr	ncondon3f	Natalya	Condon	3yJ7TnvSg1	0	0	2	0	0	1	4	2	2	1	3	124
125	ceverwin3g@technorati.com	ceverwin3g	Case	Everwin	HX2uHFQbFw	0	0	7	1	0	0	5	2	2	1	3	125
126	jemes3h@istockphoto.com	jemes3h	Janaye	Emes	w5Mf0NNqph	0	0	1	0	0	0	1	2	2	1	3	126
127	fbenger3i@yandex.ru	fbenger3i	Foster	Benger	o8DB7l1URb	0	0	6	1	1	1	2	2	2	1	3	127
128	mhaynes3j@cpanel.net	mhaynes3j	Massimiliano	Haynes	9aYhmrktOE	0	0	2	0	0	0	3	2	2	1	3	128
129	kwixey3k@smugmug.com	kwixey3k	Kirstin	Wixey	1yS43XBJQ7	0	0	6	1	0	0	4	2	2	1	3	129
130	edelahunty3l@cdbaby.com	edelahunty3l	Elliott	Delahunty	vVnfUi0CXW	0	0	6	0	0	1	5	2	2	1	3	130
131	kdanks3m@seattletimes.com	kdanks3m	Karola	Danks	Kzc5o6gazH	0	0	2	1	0	0	1	2	2	1	3	131
132	bdallas3n@ibm.com	bdallas3n	Bowie	Dallas	sFb0LPoSce	0	0	5	0	0	0	2	2	2	1	3	132
133	gechallie3o@economist.com	gechallie3o	Gabbi	Echallie	gHhXwNHWOr	0	0	2	1	0	1	3	2	2	1	3	133
134	dmaydway3p@wikipedia.org	dmaydway3p	Doug	Maydway	Y1kPaRWAj4	0	0	1	0	0	0	4	2	2	1	3	134
135	slinnock3q@squarespace.com	slinnock3q	Sollie	Linnock	xkfq60ayxZ	0	0	4	1	0	0	5	2	2	1	3	135
136	hleythley3r@dropbox.com	hleythley3r	Hortensia	Leythley	SWPvGbaMlt	0	0	1	0	1	1	1	2	2	1	3	136
137	gbome3s@dyndns.org	gbome3s	Gwenni	Bome	ww30O7SXP9	0	0	4	1	0	0	2	2	2	1	3	137
138	gjoire3t@census.gov	gjoire3t	Godwin	Joire	wbmq0lphEv	0	0	1	0	0	0	3	2	2	1	3	138
139	pfearnyough3u@squarespace.com	pfearnyough3u	Pace	Fearnyough	Rs3Gy3ZV69	0	0	2	1	0	1	4	2	2	1	3	139
140	rleys3v@sphinn.com	rleys3v	Rogers	Leys	nLnokKRGL9	0	0	3	0	0	0	5	2	2	1	3	140
141	bdinzey3w@spiegel.de	bdinzey3w	Babb	Dinzey	Aio5lqClfT	0	0	2	1	0	0	1	2	2	1	3	141
142	lmcevilly3x@indiegogo.com	lmcevilly3x	Laryssa	McEvilly	TdBfHdY4NP	0	0	2	0	0	1	2	2	2	1	3	142
143	dscading3y@chron.com	dscading3y	Dotty	Scading	b9AjbnBTME	0	0	6	1	0	0	3	2	2	1	3	143
144	jabrashkov3z@europa.eu	jabrashkov3z	Jorgan	Abrashkov	KWqPBEldkB	0	0	5	0	0	0	4	2	2	1	3	144
145	partois40@addthis.com	partois40	Paulina	Artois	KyjyqP0jED	0	0	3	1	1	1	5	2	2	1	3	145
146	scarlsson41@mit.edu	scarlsson41	Sherm	Carlsson	P2RxhNkOyi	0	0	3	0	0	0	1	2	2	1	3	146
147	esent42@admin.ch	esent42	Ethelda	Sent	7genZnTrIv	0	0	5	1	0	0	2	2	2	1	5	147
148	lbaysting43@miitbeian.gov.cn	lbaysting43	Luke	Baysting	yjMShy20PT	0	0	1	0	0	1	3	2	2	1	5	148
149	lmurrow44@buzzfeed.com	lmurrow44	Lelia	Murrow	fhVOQ0FO0f	0	0	4	1	0	0	4	2	2	1	5	149
150	plovick45@narod.ru	plovick45	Penni	Lovick	C9Lmx30DPv	0	0	1	0	0	0	5	2	2	1	5	150
151	skingh46@weebly.com	skingh46	Saraann	Kingh	XvGJYbtmgd	0	0	2	1	0	1	1	2	2	1	5	151
152	adevile47@yellowbook.com	adevile47	Agnesse	De Vile	WDRH0Ubib7	0	0	7	0	0	0	2	2	2	1	5	152
153	swilsher48@nyu.edu	swilsher48	Sianna	Wilsher	EigDK5MQgO	0	0	1	1	0	0	3	2	2	1	5	153
154	sbastin49@amazon.de	sbastin49	Sherline	Bastin	FS6MC8oftS	0	0	3	0	1	1	4	2	2	1	5	154
155	bewols4a@bloomberg.com	bewols4a	Bartlett	Ewols	jTGRSzoPSR	0	0	4	1	0	0	5	2	2	1	5	155
156	bholley4b@i2i.jp	bholley4b	Bryn	Holley	J2BzFTIqyU	0	0	2	0	0	0	1	2	2	1	5	156
157	anucci4c@i2i.jp	anucci4c	Abraham	Nucci	AOIaR2frUW	0	0	1	1	0	1	2	2	2	1	5	157
158	mphalip4d@latimes.com	mphalip4d	Marcille	Phalip	BinGjy0Y48	0	0	3	0	0	0	3	2	2	1	5	158
159	gjacqueminot4e@who.int	gjacqueminot4e	Giffer	Jacqueminot	KB0espkIWK	0	0	3	1	0	0	4	2	2	1	5	159
160	adrewell4f@dailymail.co.uk	adrewell4f	Audre	Drewell	BkjiPX3udT	0	0	6	0	0	1	5	2	2	1	5	160
161	mboyne4g@xing.com	mboyne4g	Mariejeanne	Boyne	4q0JwuPhzj	0	0	4	1	0	0	1	2	2	1	5	161
162	jcamplen4h@cnn.com	jcamplen4h	Juanita	Camplen	LIsUVrmYUW	0	0	6	0	0	0	2	2	2	1	5	162
163	wdaviddi4i@samsung.com	wdaviddi4i	William	Daviddi	IKpJKLlUva	0	0	5	1	1	1	3	2	2	1	5	163
164	wsultana4j@jalbum.net	wsultana4j	Weidar	Sultana	4TNI1nS0of	0	0	4	0	0	0	4	2	2	1	5	164
165	eburndred4k@ft.com	eburndred4k	Ethelin	Burndred	eFZEWkNy6N	0	0	4	1	0	0	5	2	2	1	5	165
166	dwaterdrinker4l@businesswire.com	dwaterdrinker4l	Dian	Waterdrinker	lv6tnNmDmQ	0	0	1	0	0	1	1	2	2	1	5	166
167	hgoodbarne4m@google.es	hgoodbarne4m	Hattie	Goodbarne	QUDiDaGwFI	0	0	1	1	0	0	2	2	2	1	5	167
168	ddogg4n@wunderground.com	ddogg4n	Devinne	Dogg	YZbvzfgZYV	0	0	4	0	0	0	3	2	2	1	5	168
169	gsummerlee4o@surveymonkey.com	gsummerlee4o	Gianna	Summerlee	USMl5uNzGI	0	0	5	1	0	1	4	2	2	1	5	169
170	sgildersleaves4p@dmoz.org	sgildersleaves4p	Scott	Gildersleaves	SXj2Zna49v	0	0	6	0	0	0	5	2	2	1	5	170
171	rsykora4q@china.com.cn	rsykora4q	Roslyn	Sykora	Rpp83ebX0p	0	0	2	1	0	0	1	2	2	1	6	171
172	grolfo4r@networkadvertising.org	grolfo4r	Gustaf	Rolfo	U3ib9AIk5c	0	0	2	0	1	1	2	2	2	1	6	172
173	lmallinson4s@google.it	lmallinson4s	Lesya	Mallinson	xF2Y65w1ML	0	0	2	1	0	0	3	2	2	1	6	173
174	ehabbes4t@reverbnation.com	ehabbes4t	Elroy	Habbes	wVieAyTSKS	0	0	6	0	0	0	4	2	2	1	6	174
175	ebroyd4u@theglobeandmail.com	ebroyd4u	Edeline	Broyd	k1LJcl3jem	0	0	2	1	0	1	5	2	2	1	6	175
176	hroylance4v@phoca.cz	hroylance4v	Harrie	Roylance	HKYtWYy3If	0	0	6	0	0	0	1	2	3	1	6	176
177	aradleigh4w@economist.com	aradleigh4w	Adham	Radleigh	L5kFuOgArU	0	0	3	1	0	0	2	2	3	1	6	177
178	gbelk4x@stanford.edu	gbelk4x	Geraldine	Belk	kMkgJABPLa	0	0	5	0	0	1	3	2	3	1	6	178
179	rpayze4y@csmonitor.com	rpayze4y	Rozalin	Payze	r3g7TjZNuP	0	0	1	1	0	0	4	2	3	1	6	179
180	lhawkshaw4z@issuu.com	lhawkshaw4z	Lorene	Hawkshaw	yU3Vyv2j0y	0	0	2	0	0	0	5	2	3	1	6	180
181	aredman50@com.com	aredman50	Aurea	Redman	97JdKattt2	0	0	7	1	1	1	1	2	3	1	6	181
182	lkesten51@toplist.cz	lkesten51	Lucienne	Kesten	fmmpnmFa7T	0	0	5	0	0	0	2	2	3	1	6	182
183	fbarszczewski52@macromedia.com	fbarszczewski52	Fiona	Barszczewski	h39XcsPNXJ	0	0	3	1	0	0	3	2	3	1	6	183
184	epykett53@illinois.edu	epykett53	Elia	Pykett	iMQOtt7rLH	0	0	7	0	0	1	4	2	3	1	6	184
185	osankey54@pagesperso-orange.fr	osankey54	Orsa	Sankey	abkwAEVLAP	0	0	5	1	0	0	5	2	3	1	6	185
186	brewbottom55@indiegogo.com	brewbottom55	Barbabas	Rewbottom	Yi4OlKtDCc	0	0	1	0	0	0	1	2	3	1	6	186
187	ryanov56@bigcartel.com	ryanov56	Rutter	Yanov	cikGBn188g	0	0	3	1	0	1	2	2	3	1	6	187
188	fcreak57@paginegialle.it	fcreak57	Flory	Creak	31sVH4c3m7	0	0	5	0	0	0	3	2	3	1	6	188
189	lohartnedy58@cnbc.com	lohartnedy58	Lorne	O'Hartnedy	61GtgiYpYo	0	0	6	1	0	0	4	2	3	1	6	189
190	asheffield59@godaddy.com	asheffield59	Aloise	Sheffield	MU8eOl6jpO	0	0	6	0	1	1	5	2	3	1	6	190
191	hgeorgins5a@wikispaces.com	hgeorgins5a	Hewett	Georgins	j3MMyWwRfb	0	0	1	1	0	0	1	2	3	1	6	191
192	fmorford5b@wufoo.com	fmorford5b	Fulton	Morford	qos6t7xXQU	0	0	2	0	0	0	2	2	3	1	6	192
193	dguyton5c@deviantart.com	dguyton5c	Daffie	Guyton	sBOyRYvKYh	0	0	2	1	0	1	3	2	3	1	6	193
194	dweek5d@wsj.com	dweek5d	Dorice	Week	mlhqoXiNv7	0	0	4	0	0	0	4	2	3	1	6	194
195	lneasam5e@newyorker.com	lneasam5e	Lamont	Neasam	cJJCNQpWVZ	0	0	1	1	0	0	5	2	3	2	6	195
196	atilbury5f@who.int	atilbury5f	Antonin	Tilbury	OWpY03JmOo	0	0	2	0	0	1	1	2	3	2	6	196
197	jbalazin5g@unicef.org	jbalazin5g	Jemima	Balazin	yqeJDInGgL	0	0	5	1	0	0	2	2	3	2	6	197
198	tvasyukov5h@answers.com	tvasyukov5h	Theodoric	Vasyukov	YnamtaYDxf	0	0	3	0	0	0	3	2	3	2	6	198
199	alyptrit5i@seattletimes.com	alyptrit5i	Adham	Lyptrit	yJORjGTvOW	0	0	7	1	1	1	4	2	3	2	6	199
200	ckestell5j@goo.gl	ckestell5j	Cass	Kestell	D2rNK0x049	0	1	6	0	0	0	5	3	3	2	6	200
201	bschout5k@flavors.me	bschout5k	Barnabas	Schout	zcvhL3nMCD	0	1	5	1	0	0	1	3	3	2	6	\N
202	asambiedge5l@state.gov	asambiedge5l	Amy	Sambiedge	7ulsEDMuAo	0	1	3	0	0	1	2	3	3	2	6	\N
203	lcowlard5m@yahoo.co.jp	lcowlard5m	Land	Cowlard	7eDTPTEEu5	0	1	6	1	0	0	3	3	3	2	6	\N
204	dewen5n@macromedia.com	dewen5n	Dalston	Ewen	a4jRr66kI5	0	1	1	0	0	0	4	3	3	2	6	\N
205	kwoodman5o@admin.ch	kwoodman5o	Karel	Woodman	SQ0cGs5Jqx	0	1	5	1	0	1	5	3	3	2	6	\N
206	abaynam5p@amazon.co.jp	abaynam5p	Adams	Baynam	ohaRC6qqmX	0	1	6	0	0	0	1	3	3	2	6	\N
207	abingle5q@arstechnica.com	abingle5q	Aldric	Bingle	Ab8LqQ0DDC	0	1	5	1	0	0	2	3	3	2	6	\N
208	bgoldberg5r@domainmarket.com	bgoldberg5r	Beltran	Goldberg	E40OVXHIOR	0	1	5	0	1	1	3	3	3	2	6	\N
209	cbresner5s@posterous.com	cbresner5s	Cam	Bresner	iIGxJpVfWa	0	1	5	1	0	0	4	3	3	2	6	\N
210	ghowardgater5t@geocities.jp	ghowardgater5t	Gael	Howard - Gater	UrgugWnCDw	0	1	4	0	0	0	5	3	3	2	7	\N
211	paubury5u@adobe.com	paubury5u	Perrine	Aubury	fMBNYHza9A	0	1	1	1	0	1	1	3	3	2	7	\N
212	tcoatts5v@comcast.net	tcoatts5v	Teddie	Coatts	HdedZqZwOj	0	1	6	0	0	0	2	3	3	2	7	\N
213	aadenot5w@shutterfly.com	aadenot5w	Allsun	Adenot	FrrKvL5ocD	0	1	4	1	0	0	3	3	3	2	7	\N
214	aspry5x@businessweek.com	aspry5x	Arlinda	Spry	n4NMGlX7eJ	0	1	3	0	0	1	4	3	3	3	7	\N
215	cbucknall5y@i2i.jp	cbucknall5y	Corene	Bucknall	nToK9eSMcg	0	1	5	1	0	0	5	3	3	3	7	\N
216	doaker5z@cbsnews.com	doaker5z	Duffie	Oaker	ohjoHluf9c	0	1	6	0	0	0	1	3	3	3	7	\N
217	hidenden60@com.com	hidenden60	Herby	Idenden	2UHxCWZ7rf	0	1	2	1	1	1	2	3	3	3	7	\N
218	wridgwell61@illinois.edu	wridgwell61	Winnah	Ridgwell	Qz2LD76Yxo	0	1	2	0	0	0	3	3	3	3	7	\N
219	pnormabell62@de.vu	pnormabell62	Pauli	Normabell	EY8zY1Gbjr	0	1	6	1	0	0	4	3	3	4	7	\N
220	kclemencet63@spotify.com	kclemencet63	Kermit	Clemencet	FBjekDrThu	0	1	6	0	0	1	5	3	3	5	7	\N
221	ddeniso64@pagesperso-orange.fr	ddeniso64	Devinne	Deniso	eMB9KYnIdF	0	1	5	1	0	0	1	3	3	6	7	\N
222	dkilby65@abc.net.au	dkilby65	Dode	Kilby	ruY5EuaCtw	0	1	3	0	0	0	2	3	3	7	7	\N
223	lkilgour66@instagram.com	lkilgour66	Leah	Kilgour	VsPXwFFBtO	0	1	5	1	0	1	3	3	3	8	7	\N
224	tsherland67@weebly.com	tsherland67	Thurston	Sherland	yaX1ofiJVf	0	1	5	0	0	0	4	3	3	9	7	\N
225	ycollicott68@sun.com	ycollicott68	Ynez	Collicott	uMOanoSJtt	0	1	5	1	0	0	5	3	3	10	7	\N
226	singleston69@unicef.org	singleston69	Scotti	Ingleston	KQ9FKLSrsN	0	1	3	0	1	1	1	3	3	3	7	\N
227	fstrooband6a@sohu.com	fstrooband6a	Fax	Strooband	Ud3h0JkLui	0	1	6	1	0	0	2	3	3	4	7	\N
228	lmontez6b@com.com	lmontez6b	Loralyn	Montez	42phyg0A0P	0	1	7	0	0	0	3	3	3	5	7	\N
229	dtingly6c@foxnews.com	dtingly6c	Duky	Tingly	lCDDeNpBtM	0	1	4	1	0	1	4	3	3	6	7	\N
230	djouning6d@tiny.cc	djouning6d	Dave	Jouning	H2mdppUEyz	0	1	3	0	0	0	5	3	3	7	7	\N
231	kmacpaik6e@flavors.me	kmacpaik6e	Keene	MacPaik	tTssEGRblB	0	1	6	1	0	0	1	3	3	8	7	\N
232	ejephson6f@cocolog-nifty.com	ejephson6f	Emili	Jephson	Tsb670SmyP	0	1	5	0	0	1	2	3	3	9	7	\N
233	tvolkes6g@opensource.org	tvolkes6g	Talya	Volkes	CfDJA7zlsR	0	1	1	1	0	0	3	3	3	10	7	\N
234	gvalencia6h@reuters.com	gvalencia6h	Godart	Valencia	5u6Wk0hvnT	0	1	2	0	0	0	4	3	3	0	7	\N
235	pgirardoni6i@xinhuanet.com	pgirardoni6i	Pia	Girardoni	9rlZLpE2pN	0	1	2	1	1	1	5	3	3	0	7	\N
236	zbalam6j@columbia.edu	zbalam6j	Zack	Balam	Mi70Ifn5W8	0	1	1	0	0	0	1	3	3	0	7	\N
237	rgillfillan6k@ibm.com	rgillfillan6k	Raoul	Gillfillan	2jIykxSNSw	0	1	6	1	0	0	2	3	3	0	7	\N
238	aox6l@printfriendly.com	aox6l	Aleda	Ox	iB2eJ6SKLk	0	1	2	0	0	1	3	3	3	0	7	\N
239	udarlasson6m@fema.gov	udarlasson6m	Upton	Darlasson	XFzBuzJqrL	0	1	7	1	0	0	4	3	3	0	7	\N
240	rclewes6n@mit.edu	rclewes6n	Rhys	Clewes	TEDeaVibV9	0	1	4	0	0	0	5	3	3	0	7	\N
241	abrandt6o@go.com	abrandt6o	Aarika	Brandt	rNLvN34Rmp	0	1	6	1	0	1	1	3	3	0	7	\N
242	galdren6p@ucoz.ru	galdren6p	Giulietta	Aldren	3w2KmQTUuM	0	1	5	0	0	0	2	3	3	0	7	\N
243	sjoannet6q@php.net	sjoannet6q	Sinclare	Joannet	oUqrfgXzC0	0	1	5	1	0	0	3	3	3	0	7	\N
244	rwaghorn6r@dyndns.org	rwaghorn6r	Ring	Waghorn	RmJTrYKb1b	0	1	5	0	1	1	4	3	3	0	7	\N
245	mcuddy6s@zdnet.com	mcuddy6s	Mylo	Cuddy	c9MUABRe1v	0	1	6	1	0	0	5	3	3	0	7	\N
246	vcarleman6t@arizona.edu	vcarleman6t	Virginie	Carleman	0ogg2JY8hw	0	1	6	0	0	0	1	3	3	0	7	\N
247	dhunnam6u@flickr.com	dhunnam6u	Dulcie	Hunnam	mu7dt3qzQ6	0	1	5	1	0	1	2	3	3	0	7	\N
248	mheardman6v@java.com	mheardman6v	Massimiliano	Heardman	4wx6wyqmNU	0	1	2	0	0	0	3	3	3	0	7	\N
249	sherculson6w@shop-pro.jp	sherculson6w	Salaidh	Herculson	K9iQMarK4O	0	1	6	1	0	0	4	3	3	0	7	\N
250	scrockford6x@si.edu	scrockford6x	Salim	Crockford	50HIS2bl5t	0	1	2	0	0	1	5	3	3	0	7	\N
251	khofton6y@guardian.co.uk	khofton6y	Kilian	Hofton	0wEtAZVLQH	0	1	1	1	0	0	1	3	3	0	7	\N
252	grunham6z@usatoday.com	grunham6z	Garek	Runham	UQTqQcvnDJ	0	1	1	0	0	0	2	3	3	0	7	\N
253	bmulbery70@sina.com.cn	bmulbery70	Blondelle	Mulbery	z6hD3KUhRx	0	1	2	1	1	1	3	3	4	0	7	\N
254	dpauletto71@imdb.com	dpauletto71	Doyle	Pauletto	stRsI9g5yP	0	1	7	0	0	0	4	3	4	0	7	\N
255	ewyse72@wired.com	ewyse72	Eva	Wyse	FLaVRzwO9Q	0	1	4	1	0	0	5	3	4	0	7	\N
256	gyankov73@godaddy.com	gyankov73	Gorden	Yankov	3toGflmR5l	0	1	3	0	0	1	1	3	4	0	7	\N
257	fseabon74@nhs.uk	fseabon74	Flora	Seabon	AxMGFj3TEl	0	1	5	1	0	0	2	3	4	0	7	\N
258	fmacbey75@ebay.co.uk	fmacbey75	Felice	MacBey	m1ini8AKIr	0	1	4	0	0	0	3	3	4	0	7	\N
259	bpiperley76@360.cn	bpiperley76	Bendix	Piperley	d2jv1lZHOJ	0	1	4	1	0	1	4	3	4	1	7	\N
260	lsibbe77@paginegialle.it	lsibbe77	Lane	Sibbe	nY1dkQXFPT	0	1	2	0	0	0	5	3	4	1	7	\N
261	tblinman78@theglobeandmail.com	tblinman78	Torrie	Blinman	kyOk9Je6Fq	0	1	2	1	0	0	1	3	4	1	7	\N
262	hwheelwright79@zdnet.com	hwheelwright79	Hadley	Wheelwright	t3OPzgpGs9	0	1	5	0	1	1	2	3	4	1	7	\N
263	ljahner7a@rambler.ru	ljahner7a	Lucretia	Jahner	9hn0GN5CoP	0	1	6	1	0	0	3	3	4	1	7	\N
264	llicquorish7b@sina.com.cn	llicquorish7b	Laurence	Licquorish	hc9UhRjqHA	0	1	5	0	0	0	4	3	4	1	7	\N
265	elartice7c@java.com	elartice7c	Edward	Lartice	V1LIaBhrb8	0	1	2	1	0	1	5	3	4	1	7	\N
266	akingsbury7d@sun.com	akingsbury7d	Andie	Kingsbury	kx9kHPnyYS	0	1	7	0	0	0	1	3	4	1	7	\N
267	taimer7e@washingtonpost.com	taimer7e	Trish	Aimer	ccaOGYlCHM	0	1	3	1	0	0	2	3	4	1	7	\N
268	rchimenti7f@icio.us	rchimenti7f	Rodrique	Chimenti	ccjKRa5Rrn	0	1	2	0	0	1	3	3	4	1	7	\N
269	gcanet7g@vkontakte.ru	gcanet7g	Garold	Canet	njOE6C6XuW	0	1	1	1	0	0	4	3	4	1	7	\N
270	rvann7h@bloglovin.com	rvann7h	Roddy	Vann	0uALxpfQBt	0	1	6	0	0	0	5	3	4	1	7	\N
271	ocanavan7i@instagram.com	ocanavan7i	Ode	Canavan	UcYRvUmMur	0	1	1	1	1	1	1	3	4	1	7	\N
272	hmadill7j@ox.ac.uk	hmadill7j	Hans	Madill	0ItqFhgY8p	0	1	4	0	0	0	2	3	4	1	7	\N
273	rpersian7k@cnbc.com	rpersian7k	Rubetta	Persian	uldyMOzl5C	0	1	1	1	0	0	3	3	4	1	7	\N
274	ejesty7l@dailymail.co.uk	ejesty7l	Eulalie	Jesty	C7stSUSKwD	0	1	3	0	0	1	4	3	4	1	7	\N
275	jlaste7m@thetimes.co.uk	jlaste7m	Janelle	Laste	v2BmdjIJ1s	0	1	1	1	0	0	5	3	4	1	7	\N
276	mwallentin7n@mac.com	mwallentin7n	Maurene	Wallentin	SbzCnzx8Fr	0	1	5	0	0	0	1	3	4	1	7	\N
277	jskeemor7o@dedecms.com	jskeemor7o	Jermaine	Skeemor	GH8OMzGgJU	0	1	2	1	0	1	2	4	4	1	7	\N
278	inavarijo7p@webnode.com	inavarijo7p	Issi	Navarijo	EzSNi6uBIj	0	1	4	0	0	0	3	4	4	1	7	\N
279	bchingedehals7q@pinterest.com	bchingedehals7q	Brianne	Chinge de Hals	0N3c0BT46v	0	1	4	1	0	0	4	4	4	1	7	\N
280	wlissandri7r@ebay.co.uk	wlissandri7r	Wileen	Lissandri	qMuZCq6UpQ	0	1	5	0	1	1	5	4	4	1	7	\N
281	vspraging7s@cornell.edu	vspraging7s	Vivyan	Spraging	9jq4FDiM2i	0	1	2	1	0	0	1	4	4	1	7	\N
282	omckenzie7t@cafepress.com	omckenzie7t	Orin	McKenzie	kxOjCOd3vh	0	1	7	0	0	0	2	4	4	1	7	\N
283	champer7u@newyorker.com	champer7u	Caldwell	Hamper	zdOoidiEAd	0	1	5	1	0	1	3	4	4	1	7	\N
284	ucornilleau7v@domainmarket.com	ucornilleau7v	Urson	Cornilleau	adzNB5JEoV	0	1	7	0	0	0	4	4	4	1	7	\N
285	ctresvina7w@tumblr.com	ctresvina7w	Conney	Tresvina	OwDgC6QjZQ	0	1	4	1	0	0	5	4	4	1	7	\N
286	mpocknoll7x@macromedia.com	mpocknoll7x	Missie	Pocknoll	pJydJUcD98	0	1	7	0	0	1	1	4	4	1	7	\N
287	avasquez7y@uol.com.br	avasquez7y	Alessandra	Vasquez	PNQb1oWTIO	0	1	3	1	0	0	2	4	4	1	7	\N
288	jphilippon7z@w3.org	jphilippon7z	Jillana	Philippon	yPjoc8dZmU	0	1	6	0	0	0	3	4	4	1	7	\N
289	aluckwell80@huffingtonpost.com	aluckwell80	Aubree	Luckwell	yIAc9Cd7DZ	0	1	6	1	1	1	4	4	4	1	7	\N
290	cortler81@theglobeandmail.com	cortler81	Corliss	Ortler	X3EAQaU5zG	0	1	1	0	0	0	5	4	4	1	7	\N
291	skinver82@cam.ac.uk	skinver82	Stanton	Kinver	AgHBVCFif3	0	1	3	1	0	0	1	4	4	1	7	\N
292	edumphry83@abc.net.au	edumphry83	Elspeth	Dumphry	KGCgC7rG76	0	1	7	0	0	1	2	4	4	1	7	\N
293	edudgeon84@artisteer.com	edudgeon84	Elsa	Dudgeon	iBuZNv6u1j	0	1	5	1	0	0	3	4	4	1	7	\N
294	hmackeig85@hc360.com	hmackeig85	Heddie	MacKeig	0B5wAZH9qL	0	1	4	0	0	0	4	4	4	1	7	\N
295	llawton86@msn.com	llawton86	Lev	Lawton	P5vKfcyhz3	0	1	5	1	0	1	5	4	4	1	7	\N
296	wargente87@walmart.com	wargente87	Wat	Argente	ukJZ4xToDn	0	1	3	0	0	0	1	4	4	1	7	\N
297	ndesantos88@engadget.com	ndesantos88	Nappy	De Santos	pYRlWL2dKQ	0	1	1	1	0	0	2	4	4	1	7	\N
298	sjenkinson89@army.mil	sjenkinson89	Selle	Jenkinson	2COLCssBc0	0	1	6	0	1	1	3	4	4	1	7	\N
299	druddiman8a@myspace.com	druddiman8a	Deanne	Ruddiman	mx4L62fkWs	0	0	4	1	0	0	4	4	4	1	7	\N
300	webbings8b@instagram.com	webbings8b	Wilt	Ebbings	zqeDM5aIZk	0	0	7	0	0	0	5	4	4	1	7	\N
301	ecalliss8c@mapy.cz	ecalliss8c	Eadie	Calliss	3ManOyRbq3	0	0	4	1	0	1	1	4	4	1	7	\N
302	agruby8d@dot.gov	agruby8d	Abbe	Gruby	GoWFqTnX9B	0	0	2	0	0	0	2	4	4	1	7	\N
303	jmanuaud8e@clickbank.net	jmanuaud8e	Jazmin	Manuaud	6qOZ6Y2bDu	0	0	7	1	0	0	3	4	4	1	7	\N
304	lbarnbrook8f@live.com	lbarnbrook8f	Lorie	Barnbrook	jLAS97miGU	0	0	7	0	0	1	4	4	4	1	7	\N
305	adavitti8g@hatena.ne.jp	adavitti8g	Alessandra	Davitti	gfrdXlLTkX	0	0	5	1	0	0	5	4	4	1	7	\N
306	vbuttwell8h@csmonitor.com	vbuttwell8h	Valentina	Buttwell	rOJC9LNWo8	0	0	2	0	0	0	1	4	4	1	7	\N
307	kdealey8i@nature.com	kdealey8i	Kelly	Dealey	9w8JKoAjET	0	0	7	1	1	1	2	4	4	1	7	\N
308	glapthorne8j@usda.gov	glapthorne8j	Guilbert	Lapthorne	7KSN3IaMn7	0	0	3	0	0	0	3	4	4	1	7	\N
309	ulaxe8k@multiply.com	ulaxe8k	Ursola	Laxe	Ic61PDUiLX	0	0	4	1	0	0	4	4	4	1	7	\N
310	tpanichelli8l@reddit.com	tpanichelli8l	Tori	Panichelli	4qdPWwqqN1	0	0	5	0	0	1	5	4	4	1	7	\N
311	ccocker8m@archive.org	ccocker8m	Cecil	Cocker	cDfX2gnZ7s	0	0	2	1	0	0	1	4	4	1	7	\N
312	kyearn8n@delicious.com	kyearn8n	Ker	Yearn	ETEz7XFYtk	0	0	6	0	0	0	2	4	4	1	7	\N
313	ccorstan8o@ed.gov	ccorstan8o	Chariot	Corstan	bWq8p8x4zH	0	0	4	1	0	1	3	4	4	1	7	\N
314	terdely8p@t-online.de	terdely8p	Thia	Erdely	LCwAwJUwyp	0	0	4	0	0	0	4	4	4	1	7	\N
315	emaylin8q@state.tx.us	emaylin8q	Ernesto	Maylin	Kw6BSCF2tb	0	0	4	1	0	0	5	4	4	1	7	\N
316	dgabites8r@toplist.cz	dgabites8r	Dannie	Gabites	ON4QxPa51J	0	0	6	0	1	1	1	4	4	1	7	\N
317	deagland8s@squarespace.com	deagland8s	Dermot	Eagland	3TTvFzucrp	0	0	1	1	0	0	2	4	4	1	7	\N
318	akeoghane8t@admin.ch	akeoghane8t	Algernon	Keoghane	zklzCvieR9	0	0	4	0	0	0	3	4	4	1	7	\N
319	gderrick8u@scientificamerican.com	gderrick8u	Giles	Derrick	CUxaFKMU1T	0	0	5	1	0	1	4	4	4	1	7	\N
320	mpasby8v@mozilla.com	mpasby8v	Myrvyn	Pasby	tcPFvW9Ro7	0	0	1	0	0	0	5	4	4	1	7	\N
321	vduggon8w@ihg.com	vduggon8w	Vern	Duggon	CClX3l25lG	0	0	6	1	0	0	1	4	4	1	7	\N
322	tbackman8x@g.co	tbackman8x	Tonie	Backman	CyfsVRVJ0j	0	0	2	0	0	1	2	4	4	1	7	\N
323	dmassey8y@dagondesign.com	dmassey8y	Dougie	Massey	OfBJafxxn2	0	0	1	1	0	0	3	4	4	1	7	\N
324	tkubec8z@squarespace.com	tkubec8z	Tymon	Kubec	qDLbTcFD4x	0	0	5	0	0	0	4	4	4	1	7	\N
325	blanger90@ning.com	blanger90	Byrann	Langer	fqgZnXMn3n	0	0	7	1	1	1	5	4	4	1	7	\N
326	chaley91@dedecms.com	chaley91	Chrysa	Haley	lsdlaOCuGG	0	0	1	0	0	0	1	4	4	1	7	\N
327	rpenticoot92@furl.net	rpenticoot92	Rici	Penticoot	LvyZTavN7J	0	0	3	1	0	0	2	4	4	1	7	\N
328	vrawling93@pagesperso-orange.fr	vrawling93	Virgilio	Rawling	P3OnN0xljY	0	0	5	0	0	1	3	4	4	1	7	\N
329	gbeall94@shinystat.com	gbeall94	Gaynor	Beall	dGG2GB0y6U	0	0	2	1	0	0	4	4	4	1	7	\N
330	jblenkhorn95@123-reg.co.uk	jblenkhorn95	Jeffie	Blenkhorn	78QbBeGlw0	0	0	6	0	0	0	5	4	4	1	7	\N
331	ljobb96@shinystat.com	ljobb96	Lorilee	Jobb	lSkCA2D3Wz	0	0	6	1	0	1	1	4	4	1	7	\N
332	fprozillo97@webs.com	fprozillo97	Fenelia	Prozillo	JS9ZV26MFG	0	0	1	0	0	0	2	4	4	1	7	\N
333	pfellona98@last.fm	pfellona98	Papagena	Fellona	FQIMuOvGRb	0	0	6	1	0	0	3	4	4	1	7	\N
334	aparkins99@bbb.org	aparkins99	Ailsun	Parkins	YbuTXK8vhS	0	0	4	0	1	1	4	4	4	1	7	\N
335	tkoubu9a@list-manage.com	tkoubu9a	Trudie	Koubu	eSCGLnGVLF	0	0	3	1	0	0	5	4	4	1	7	\N
336	tdelepine9b@forbes.com	tdelepine9b	Thaxter	Delepine	VfoAUxC0X3	0	0	2	0	0	0	1	4	4	1	7	\N
337	nmuncer9c@e-recht24.de	nmuncer9c	Nariko	Muncer	pOXAABKGh1	0	0	2	1	0	1	2	4	4	1	7	\N
338	pkordas9d@quantcast.com	pkordas9d	Pamella	Kordas	WYZcNFOUuw	0	0	7	0	0	0	3	4	4	1	7	\N
339	bchastney9e@drupal.org	bchastney9e	Brigg	Chastney	ZJmQNvoSia	0	0	1	1	0	0	4	4	4	1	7	\N
340	mdebroke9f@acquirethisname.com	mdebroke9f	Mead	de Broke	kel30RXxHe	0	0	3	0	0	1	5	4	4	1	7	\N
341	otinniswood9g@phoca.cz	otinniswood9g	Ody	Tinniswood	oi0sokyi0M	0	0	6	1	0	0	1	4	4	1	7	\N
342	cmeran9h@phoca.cz	cmeran9h	Carlo	Meran	5kov7dTgfy	0	0	5	0	0	0	2	4	4	1	7	\N
343	pheffy9i@reuters.com	pheffy9i	Phedra	Heffy	UeogZ7Ota9	0	0	6	1	1	1	3	4	4	1	7	\N
344	wmcgloin9j@wikipedia.org	wmcgloin9j	Walther	McGloin	uT0mA6tMfU	0	0	3	0	0	0	4	4	4	1	7	\N
345	imitie9k@ibm.com	imitie9k	Ingelbert	Mitie	RYNa50r8S0	0	0	3	1	0	0	5	4	4	1	7	\N
346	eespinoza9l@sourceforge.net	eespinoza9l	Erina	Espinoza	rvgbl9Ojfy	0	0	5	0	0	1	1	4	4	1	7	\N
347	bwheeliker9m@technorati.com	bwheeliker9m	Barty	Wheeliker	gwjdjFMDW1	0	0	7	1	0	0	2	4	4	1	7	\N
348	hvernon9n@amazon.co.jp	hvernon9n	Horst	Vernon	tH0a18wKqP	0	0	2	0	0	0	3	4	4	1	7	\N
349	atigwell9o@w3.org	atigwell9o	Abramo	Tigwell	jg3re4r4Ms	0	0	7	1	0	1	4	4	4	1	7	\N
350	akopisch9p@weebly.com	akopisch9p	Allin	Kopisch	3QMUv6GI0b	0	0	3	0	0	0	5	4	4	1	7	\N
351	jreimer9q@squarespace.com	jreimer9q	Jemie	Reimer	uDnu7KazMm	0	0	5	1	0	0	1	4	4	1	7	\N
352	mboothman9r@time.com	mboothman9r	Marshal	Boothman	V2DsRv3jve	0	0	3	0	1	1	2	4	4	1	7	\N
353	jgrief9s@gmpg.org	jgrief9s	Judith	Grief	Hqu76nuzDR	0	0	4	1	0	0	3	4	4	1	7	\N
354	ahowgate9t@patch.com	ahowgate9t	Allyn	Howgate	3svfrXcXB1	0	0	1	0	0	0	4	4	4	1	7	\N
355	sbrunet9u@mac.com	sbrunet9u	Slade	Brunet	FYyr7Cs65b	0	0	6	1	0	1	5	4	4	1	7	\N
356	bhamer9v@google.co.uk	bhamer9v	Brittaney	Hamer	eWX9SIQpx1	0	0	7	0	0	0	1	4	4	1	7	\N
357	tjandl9w@pcworld.com	tjandl9w	Tull	Jandl	YxuqxJl0xl	0	0	1	1	0	0	2	4	4	1	7	\N
358	dcoggles9x@csmonitor.com	dcoggles9x	Denny	Coggles	EEPVQm6J82	0	0	5	0	0	1	3	4	4	1	7	\N
359	abaldrey9y@archive.org	abaldrey9y	Arleta	Baldrey	MC8XQW0NEC	0	0	3	1	0	0	4	4	4	1	7	\N
360	imartschik9z@sun.com	imartschik9z	Isobel	Martschik	vdSZyQX4vR	0	0	6	0	0	0	5	4	4	1	7	\N
361	dtrobridgea0@baidu.com	dtrobridgea0	Dav	Trobridge	g2mAdmxRjo	0	0	3	1	1	1	1	4	4	1	7	\N
362	cnormanvilla1@deliciousdays.com	cnormanvilla1	Correy	Normanvill	OeAuL68TKg	0	0	5	0	0	0	2	4	4	1	7	\N
363	webdona2@unc.edu	webdona2	Wildon	Ebdon	wieyZetuzK	0	0	4	1	0	0	3	4	4	1	7	\N
364	mcuffa3@springer.com	mcuffa3	Myron	Cuff	9xhq8K7izK	0	0	2	0	0	1	4	4	4	1	7	\N
365	afranzena4@sphinn.com	afranzena4	Albert	Franzen	gXhlOWnQuW	0	0	2	1	0	0	5	4	4	1	7	\N
366	bcarlana5@go.com	bcarlana5	Brantley	Carlan	HOemxvozTx	0	0	6	0	0	0	1	4	4	1	7	\N
367	sglendinninga6@ca.gov	sglendinninga6	Sheri	Glendinning	vqOS8oJkpM	0	0	5	1	0	1	2	4	4	1	7	\N
368	kroncaa7@apache.org	kroncaa7	Kalina	Ronca	IDsB5O5D5L	0	0	4	0	0	0	3	4	4	1	7	\N
369	rmaidena8@jigsy.com	rmaidena8	Rhonda	Maiden	73XcOy8mqn	0	0	5	1	0	0	4	4	4	1	7	\N
370	nbowdlera9@washingtonpost.com	nbowdlera9	Nat	Bowdler	ei72CfQWAW	0	0	5	0	1	1	5	4	4	1	7	\N
371	rhighnamaa@nsw.gov.au	rhighnamaa	Rickey	Highnam	qD6XUxQ7kY	0	0	3	1	0	0	1	4	4	1	7	\N
372	lbenoeyab@disqus.com	lbenoeyab	Lucian	Benoey	2nDEWp72rA	0	0	4	0	0	0	2	4	4	1	7	\N
373	ghoyleac@behance.net	ghoyleac	Gilbertine	Hoyle	SvCxeoKFJT	0	0	2	1	0	1	3	4	4	1	7	\N
374	wtinwellad@unblog.fr	wtinwellad	Waite	Tinwell	hUcsEyHVWs	0	0	7	0	0	0	4	4	4	1	7	\N
375	blunkae@ifeng.com	blunkae	Brit	Lunk	I5LEQyYebT	0	0	2	1	0	0	5	4	4	1	7	\N
376	swicklingaf@printfriendly.com	swicklingaf	Sumner	Wickling	BTI5O7HdeK	0	0	2	0	0	1	1	4	4	1	7	\N
377	skarchowskiag@yelp.com	skarchowskiag	Stacee	Karchowski	xMRf4osIOF	0	0	4	1	0	0	2	4	4	1	7	\N
378	wwalkerah@barnesandnoble.com	wwalkerah	West	Walker	PnMNvNOaeg	0	0	4	0	0	0	3	4	4	1	7	\N
379	dsimcoeai@friendfeed.com	dsimcoeai	Dynah	Simcoe	qBLj5LYNqj	0	0	3	1	1	1	4	4	4	1	7	\N
380	balvisaj@goo.gl	balvisaj	Billye	Alvis	IlQN1C13Ir	0	0	2	0	0	0	5	4	4	1	7	\N
381	cstoateak@springer.com	cstoateak	Cosimo	Stoate	BIEr4ukaMF	0	0	4	1	0	0	1	4	4	1	7	\N
382	fdexteral@tripod.com	fdexteral	Fabio	Dexter	iae4STrhqh	0	0	7	0	0	1	2	4	4	1	7	\N
383	mpenwrightam@amazon.de	mpenwrightam	Maurene	Penwright	3A4T6jDi61	0	0	1	1	0	0	3	4	4	1	7	\N
384	bprattingtonan@sciencedirect.com	bprattingtonan	Brooks	Prattington	DeUvnh6OJo	0	0	5	0	0	0	4	4	4	1	7	\N
385	istobbeao@blogspot.com	istobbeao	Isadore	Stobbe	0PkzSz5uVt	0	0	2	1	0	1	5	4	4	1	7	\N
386	ethomassinap@mtv.com	ethomassinap	Ebba	Thomassin	hHsCKgCrhh	0	0	1	0	0	0	1	4	4	1	7	\N
387	scosgroveaq@sina.com.cn	scosgroveaq	Sandi	Cosgrove	qxIJ7mKyTv	0	0	5	1	0	0	2	4	4	1	7	\N
388	lpavlishchevar@wsj.com	lpavlishchevar	Lock	Pavlishchev	3OR3b4HkMR	0	0	7	0	1	1	3	4	4	1	7	\N
389	klivermoreas@wp.com	klivermoreas	Karalynn	Livermore	nmCCgcgRZP	0	0	4	1	0	0	4	4	4	1	7	\N
390	bgabbotat@jigsy.com	bgabbotat	Brooks	Gabbot	rOMIXqbH5a	0	0	7	0	0	0	5	4	4	1	7	\N
391	rtriggau@blogspot.com	rtriggau	Rafaelita	Trigg	052Kz9irBb	0	0	5	1	0	1	1	4	4	1	7	\N
392	cshirtav@jalbum.net	cshirtav	Cilka	Shirt	V5uE7UMW9Y	0	0	3	0	0	0	2	4	4	1	7	\N
393	tcornfieldaw@slate.com	tcornfieldaw	Tarra	Cornfield	mDLFZQB5fy	0	0	5	1	0	0	3	4	4	1	7	\N
394	rfenechax@chicagotribune.com	rfenechax	Raye	Fenech	zyfCLKOvH0	0	0	4	0	0	1	4	4	4	1	7	\N
395	bsextonay@ehow.com	bsextonay	Bancroft	Sexton	V8APkP326M	0	0	5	1	0	0	5	4	4	1	7	\N
396	jstiegeraz@google.pl	jstiegeraz	Jammal	Stieger	rwwiRp8kkl	0	0	2	0	0	0	1	4	4	1	7	\N
397	scookseyb0@last.fm	scookseyb0	Siffre	Cooksey	4CAgjVs52a	0	0	5	1	1	1	2	4	4	1	7	\N
398	jnorridgeb1@desdev.cn	jnorridgeb1	Jesselyn	Norridge	aM3BnhTigv	0	0	3	0	0	0	3	4	4	1	7	\N
399	rcorradob2@icio.us	rcorradob2	Roseann	Corrado	uSs2ZrXAKq	0	1	1	1	0	0	4	4	4	1	7	\N
400	sbenziesb3@ocn.ne.jp	sbenziesb3	Smith	Benzies	tZrN18rK0a	0	1	3	0	0	1	5	4	4	1	7	\N
401	mcambdenb4@yelp.com	mcambdenb4	Mariellen	Cambden	VyVnnEgsPk	0	1	3	1	0	0	1	4	4	1	7	\N
402	rkindellb5@npr.org	rkindellb5	Raphael	Kindell	hFrFpHRw90	0	1	7	0	0	0	2	4	4	1	7	\N
403	tmarkb6@sogou.com	tmarkb6	Tildi	Mark	DD9QnIawpy	0	1	3	1	0	1	3	4	4	1	7	\N
404	lmaccauleyb7@w3.org	lmaccauleyb7	Llywellyn	MacCauley	vkK8FEYXyC	0	1	7	0	0	0	4	4	4	1	7	\N
405	rlidgardb8@washingtonpost.com	rlidgardb8	Rosabelle	Lidgard	tJMfVPPVMv	0	1	6	1	0	0	5	4	4	1	7	\N
406	gdybellb9@forbes.com	gdybellb9	Glennis	Dybell	AdqJ4n1GxL	0	1	6	0	1	1	1	4	4	1	7	\N
407	fduinbletonba@surveymonkey.com	fduinbletonba	Fabien	Duinbleton	TFHKWqRzZa	0	1	3	1	0	0	2	4	4	1	7	\N
408	kkissickbb@usgs.gov	kkissickbb	Keane	Kissick	7xCp3imZMG	0	1	5	0	0	0	3	4	4	1	7	\N
409	mpatinkinbc@rediff.com	mpatinkinbc	Michaela	Patinkin	Pq5ZsoGVp0	0	1	7	1	0	1	4	4	4	1	7	\N
410	alushbd@cafepress.com	alushbd	Ambrose	Lush	IdijbEGBnt	0	1	5	0	0	0	5	4	4	1	7	\N
411	hsmootebe@oaic.gov.au	hsmootebe	Hurlee	Smoote	sR33CQkmFc	0	1	1	1	0	0	1	4	4	1	7	\N
412	rmetcalfbf@360.cn	rmetcalfbf	Riannon	Metcalf	pyxcMZ91by	0	1	6	0	0	1	2	4	4	1	7	\N
413	eroyalbg@narod.ru	eroyalbg	Edan	Royal	VF14AogyZ0	0	1	1	1	0	0	3	4	4	1	7	\N
414	ptunnybh@vkontakte.ru	ptunnybh	Palm	Tunny	OvmPGjTM7j	0	1	7	0	0	0	4	4	4	1	7	\N
415	shousegobi@diigo.com	shousegobi	Stirling	Housego	kvTVJZFbhv	0	1	7	1	1	1	5	4	4	1	7	\N
416	bdegogaybj@istockphoto.com	bdegogaybj	Broddy	De Gogay	H1k7LQPMiS	0	1	6	0	0	0	1	4	4	1	7	\N
417	rmancktelowbk@posterous.com	rmancktelowbk	Rhys	Mancktelow	B1vJUDmmYU	0	1	3	1	0	0	2	4	4	1	7	\N
418	wdownebl@google.ca	wdownebl	Waylan	Downe	LHJ8HFvTsN	0	1	6	0	0	1	3	4	4	1	7	\N
419	bmoseleybm@aol.com	bmoseleybm	Brendon	Moseley	mEREeHdpSJ	0	1	7	1	0	0	4	4	4	1	7	\N
420	cscarrisbrickbn@angelfire.com	cscarrisbrickbn	Christophe	Scarrisbrick	7zpGV65KXF	0	1	1	0	0	0	5	4	4	1	7	\N
421	gfarneybo@google.nl	gfarneybo	Goldia	Farney	etGUy4WoQg	0	1	7	1	0	1	1	4	4	1	7	\N
422	lbloomanbp@twitpic.com	lbloomanbp	Loutitia	Blooman	Fy13qcIaWk	0	1	4	0	0	0	2	4	4	2	7	\N
423	jbaronbq@xinhuanet.com	jbaronbq	Jyoti	Baron	w1vEqNeASK	0	1	6	1	0	0	3	4	4	2	7	\N
424	hwagerfieldbr@a8.net	hwagerfieldbr	Holly-anne	Wagerfield	lB7NYPWXAU	0	1	1	0	1	1	4	4	4	2	7	\N
425	cgertbs@sun.com	cgertbs	Clyve	Gert	fldeVwcRWL	0	1	7	1	0	0	5	4	4	2	7	\N
426	bgerbelbt@yandex.ru	bgerbelbt	Bekki	Gerbel	BqtPvyNmDR	0	1	2	0	0	0	1	4	4	2	7	\N
427	kcannavanbu@yelp.com	kcannavanbu	Karlan	Cannavan	wvt8p7sZLJ	0	1	3	1	0	1	2	4	4	2	7	\N
428	cheliarbv@webeden.co.uk	cheliarbv	Claudianus	Heliar	KVsPxe0MWo	0	1	6	0	0	0	3	4	4	2	7	\N
429	eallebonebw@technorati.com	eallebonebw	Evelyn	Allebone	tIGkeRysxD	0	1	4	1	0	0	4	4	4	2	7	\N
430	hnorthagebx@ox.ac.uk	hnorthagebx	Hamid	Northage	INa4Qec1uQ	0	1	5	0	0	1	5	4	4	2	7	\N
431	rgatehouseby@nymag.com	rgatehouseby	Rutger	Gatehouse	XKeJxXnXWp	0	1	4	1	0	0	1	4	4	2	7	\N
432	vwitzbz@bigcartel.com	vwitzbz	Vilhelmina	Witz	GBsZcIt8pm	0	1	5	0	0	0	2	4	4	2	7	\N
433	dfahertyc0@zdnet.com	dfahertyc0	Drew	Faherty	4i0KxMpKJK	0	1	1	1	1	1	3	4	4	2	8	\N
434	pmcfetrichc1@booking.com	pmcfetrichc1	Pen	McFetrich	TDsSwfH1DS	0	1	7	0	0	0	4	4	4	2	9	\N
435	ccamilleric2@indiegogo.com	ccamilleric2	Carline	Camilleri	8NAq3917RX	0	1	2	1	0	0	5	4	4	2	10	\N
436	zfletcherc3@storify.com	zfletcherc3	Zolly	Fletcher	YgNFqmPR3K	0	1	4	0	0	1	1	4	4	2	11	\N
437	cguwerc4@digg.com	cguwerc4	Candi	Guwer	nG06zKuxLx	0	1	7	1	0	0	2	4	4	2	12	\N
438	bcrickmorec5@google.pl	bcrickmorec5	Bertha	Crickmore	HkZ6OJqtqN	0	1	3	0	0	0	3	4	4	2	13	\N
439	bjowlec6@furl.net	bjowlec6	Blondelle	Jowle	Yzaw7nxhM6	0	1	3	1	0	1	4	4	4	2	14	\N
440	kparsissonc7@icio.us	kparsissonc7	Kirsten	Parsisson	aiwN33yhml	0	1	4	0	0	0	5	4	4	2	15	\N
441	jpopplewellc8@t-online.de	jpopplewellc8	Jeramie	Popplewell	Fb0aBrOmQv	0	1	1	1	0	0	1	4	4	3	16	\N
442	cdearnleyc9@github.com	cdearnleyc9	Casie	Dearnley	6e2u9ufcBB	0	1	3	0	1	1	2	4	4	3	17	\N
443	tlowreyca@themeforest.net	tlowreyca	Torre	Lowrey	BqHJQGZ5Wp	0	1	6	1	0	0	3	4	4	3	18	\N
444	cknowlsoncb@rambler.ru	cknowlsoncb	Colly	Knowlson	ayHp9isGbF	0	1	7	0	0	0	4	4	4	3	19	\N
445	esheppeycc@ucla.edu	esheppeycc	Elisha	Sheppey	JmeWNTQfVo	0	1	2	1	0	1	5	4	4	3	20	\N
446	sslynecd@bbc.co.uk	sslynecd	Sam	Slyne	tkU5BZHqKC	0	1	5	0	0	0	1	4	4	4	21	\N
447	vfeitosace@photobucket.com	vfeitosace	Veda	Feitosa	frfSjmjMCr	0	1	5	1	0	0	2	4	4	5	22	\N
448	hcollingecf@merriam-webster.com	hcollingecf	Holmes	Collinge	6fldMgGUBp	0	1	5	0	0	1	3	4	4	6	23	\N
449	orackhamcg@domainmarket.com	orackhamcg	Obidiah	Rackham	CRhoIfxjN6	0	1	6	1	0	0	4	4	4	7	24	\N
450	dkoptach@mac.com	dkoptach	Delilah	Kopta	v6j3frMtZD	0	1	5	0	0	0	5	4	4	8	25	\N
451	lshoremanci@sakura.ne.jp	lshoremanci	Lydie	Shoreman	F3GlDXYEkq	0	1	4	1	1	1	1	4	4	9	26	\N
452	dsnadencj@ftc.gov	dsnadencj	Dean	Snaden	h0uy6UndN9	0	1	4	0	0	0	2	4	4	10	27	\N
453	mberlinck@eventbrite.com	mberlinck	Madelin	Berlin	IkCrgS7V6J	0	1	1	1	0	0	3	4	4	3	28	\N
454	obuntaincl@istockphoto.com	obuntaincl	Oralee	Buntain	AGmmPK77Mo	0	1	5	0	0	1	4	4	4	4	0	\N
455	gnandcm@creativecommons.org	gnandcm	Giralda	Nand	wOpphw2fHj	0	1	3	1	0	0	5	4	4	5	0	\N
456	cwarrendercn@tuttocitta.it	cwarrendercn	Clio	Warrender	iwaNDP3o9a	0	1	3	0	0	0	1	4	4	6	0	\N
457	sschmidtco@ocn.ne.jp	sschmidtco	Shell	Schmidt	VmAAiKpBLD	0	1	5	1	0	1	2	4	4	7	0	\N
458	cjuszczykcp@epa.gov	cjuszczykcp	Cullan	Juszczyk	qrtEz8gcZ1	0	1	4	0	0	0	3	4	4	8	0	\N
459	sboutelliercq@nps.gov	sboutelliercq	Stuart	Boutellier	ckdiqCJoSt	0	1	6	1	0	0	4	4	5	9	0	\N
460	rnorcockcr@mac.com	rnorcockcr	Robbi	Norcock	PMiNRP2nEV	0	1	3	0	1	1	5	4	5	10	0	\N
461	mfowlecs@pinterest.com	mfowlecs	Matty	Fowle	iqSNpd2eds	0	1	2	1	0	0	1	4	5	0	0	\N
462	rnevetct@deviantart.com	rnevetct	Reilly	Nevet	ApWYfRw7DS	0	1	7	0	0	0	2	4	5	0	0	\N
463	vquinioncu@arizona.edu	vquinioncu	Valli	Quinion	cpyfYTGCfB	0	1	6	1	0	1	3	4	5	0	0	\N
464	jdeppencv@java.com	jdeppencv	Joby	Deppen	1zBfj5yDBM	0	1	5	0	0	0	4	4	5	0	0	\N
465	nprendeguestcw@twitter.com	nprendeguestcw	Norman	Prendeguest	i2axu2BxOg	0	1	7	1	0	0	5	4	5	0	0	\N
466	redworthiecx@goo.ne.jp	redworthiecx	Rayshell	Edworthie	rfJn0cBBdB	0	1	5	0	0	1	1	4	5	0	0	\N
467	bmatzeitiscy@fc2.com	bmatzeitiscy	Bee	Matzeitis	IPKxstQAYM	0	1	1	1	0	0	2	4	5	0	0	\N
468	bogaracz@pagesperso-orange.fr	bogaracz	Buckie	O' Gara	MXUKWWq800	0	1	2	0	0	0	3	4	5	0	0	\N
469	lblacklyd0@cyberchimps.com	lblacklyd0	Lionel	Blackly	AcFHhJAvpg	0	1	7	1	1	1	4	4	5	0	0	\N
470	gratleed1@kickstarter.com	gratleed1	Gasper	Ratlee	KHHYjhFW8w	0	1	4	0	0	0	5	4	5	0	0	\N
471	atrevord2@omniture.com	atrevord2	Aidan	Trevor	tEHthxFDZR	0	1	1	1	0	0	1	4	5	0	0	\N
472	dtremberthd3@about.com	dtremberthd3	Delores	Tremberth	4Afob8zFpt	0	1	6	0	0	1	2	4	5	0	0	\N
473	gmollend4@bloomberg.com	gmollend4	Gabi	Mollen	tfymCHVYSC	0	1	7	1	0	0	3	4	5	0	0	\N
474	hharbard5@hp.com	hharbard5	Hart	Harbar	UkcZsTKCmm	0	1	5	0	0	0	4	4	5	0	0	\N
475	jbigglestoned6@usnews.com	jbigglestoned6	Joya	Bigglestone	Lea9ZRfV2N	0	1	4	1	0	1	5	4	5	0	0	\N
476	jwildbloodd7@dropbox.com	jwildbloodd7	Joey	Wildblood	Wc1LGFv1ln	0	1	1	0	0	0	1	4	5	0	0	\N
477	adohmannd8@wunderground.com	adohmannd8	Albina	Dohmann	QlhX06WI69	0	1	6	1	0	0	2	4	5	0	0	\N
478	amelbyd9@pagesperso-orange.fr	amelbyd9	Alexandro	Melby	VXNsetjZob	0	1	6	0	1	1	3	4	5	0	0	\N
479	rwilflingda@g.co	rwilflingda	Rollo	Wilfling	aSUfny1eUa	0	1	2	1	0	0	4	4	5	0	0	\N
480	tsturrdb@yale.edu	tsturrdb	Tallie	Sturr	rJReAPsnN9	0	1	3	0	0	0	5	4	5	0	0	\N
481	tlambelldc@blinklist.com	tlambelldc	Tadd	Lambell	Ggu9KyMlEa	0	1	5	1	0	1	1	4	5	0	0	\N
482	llecordierdd@posterous.com	llecordierdd	Lia	Lecordier	LoMzT29rcp	0	1	5	0	0	0	2	4	5	0	0	\N
483	ejerchede@china.com.cn	ejerchede	Ellyn	Jerche	GLmQGLnaYk	0	1	4	1	0	0	3	5	5	0	0	\N
484	cgiffondf@marketwatch.com	cgiffondf	Casandra	Giffon	ZcBlANtGTf	0	1	7	0	0	1	4	5	5	0	0	\N
485	bstoterdg@domainmarket.com	bstoterdg	Bat	Stoter	N5LhpQJVKZ	0	1	7	1	0	0	5	5	5	0	0	\N
486	lbenforddh@theguardian.com	lbenforddh	Logan	Benford	O6eWqZrXcO	0	1	1	0	0	0	1	5	5	0	0	\N
487	bcaghydi@pcworld.com	bcaghydi	Broddie	Caghy	I1Zi9fHyxk	0	1	2	1	1	1	2	5	5	0	0	\N
488	aremmersdj@dyndns.org	aremmersdj	Auguste	Remmers	aWPDkNgQEU	0	1	1	0	0	0	3	5	5	0	0	\N
489	csimionatodk@hhs.gov	csimionatodk	Cooper	Simionato	KpoY3svCKX	0	1	3	1	0	0	4	5	5	0	0	\N
490	wllewhellindl@youtu.be	wllewhellindl	Wynn	Llewhellin	lKbcB2xlbO	0	1	5	0	0	1	5	5	5	0	0	\N
491	bprobetdm@wiley.com	bprobetdm	Britta	Probet	XYp6UR5QAL	0	1	2	1	0	0	1	5	5	0	0	\N
492	kdomonkosdn@constantcontact.com	kdomonkosdn	Karleen	Domonkos	gYuqWY50v2	0	1	3	0	0	0	2	5	5	0	0	\N
493	ckennado@prlog.org	ckennado	Cherilyn	Kenna	cvnlmXXNDK	0	1	2	1	0	1	3	5	5	0	0	\N
494	mtukesbydp@marriott.com	mtukesbydp	Maiga	Tukesby	ESaNZa4V3O	0	1	1	0	0	0	4	5	5	0	0	\N
495	afardydq@dyndns.org	afardydq	Annecorinne	Fardy	6eY8t4at6N	0	1	2	1	0	0	5	5	5	0	0	\N
496	jfeoredr@loc.gov	jfeoredr	Jordan	Feore	NE7q1ly2if	0	1	4	0	1	1	1	5	5	0	0	\N
497	rthrossellds@smugmug.com	rthrossellds	Rafaelita	Throssell	PSMUrPSlq4	0	1	6	1	0	0	2	5	5	0	0	\N
498	smathondt@google.co.jp	smathondt	Samson	Mathon	nh7DGfMg4k	0	0	2	0	0	0	3	5	5	0	0	\N
499	anealondu@timesonline.co.uk	anealondu	Auberon	Nealon	5qXoJCiUno	0	0	1	1	0	1	4	5	5	0	0	\N
500	gralstondv@1688.com	gralstondv	Gaultiero	Ralston	GFy22t3F06	0	0	4	0	0	0	5	5	5	0	0	\N
